Cell_state,HL_01,HL_02,HL_03,HL_04,HL_05,HL_06,HL_07,HL_08,HL_09,HL_10,HL_11,HL_12,HL_13,HL_14,HL_15,HL_16,HL_18,HL_19,HL_20,HL_21,HL_22,HL_23,HL_24,HL_25,HL_26,HL_27,HL_28,HL_29,HL_30
"HRS,MHCII",0.650338162,0.070687825,0.245325701,0.09033882,0.631688306,0.291200963,0.367588374,0.038889175,0.278895229,0.352649964,0.135068649,0.798976658,0.336209065,0.756264539,0.692776318,0.096266231,0.103522193,0.094727656,0.355972494,0.023466388,0.19398996,0.032466345,0.155671423,0.600132278,0.085753359,0.072349318,0.112859576,0.431588661,0.188356282
"HRS,MHCI",0.189185441,0.300750936,0.016770963,0.795490616,NA,0.286467509,NA,0.909711593,1.133794537,1.326257985,0.778712363,1.48259107,NA,NA,0.359051107,1.096458557,0.171924038,0.006885232,0.270098509,0.018741476,0.1585693,0.037793777,0.012492582,0.640689312,0.469195874,0.111541404,1.010680043,0.467628747,0.322915493
"HRS,CD40",NA,NA,NA,0.017967436,0.029793628,0.065408422,0.035608436,0.033234012,0.073895689,0.222934865,0.034513256,0.374335701,0.045989282,0.017891391,0.135011117,0.030451172,0.160609226,0.170335903,0.015295277,0.200172409,0.091308572,0.049918769,0.314112602,0.218075129,0.162068671,0.231779572,0.264363493,0.086417775,0.269860971
"HRS,CD27-,ICOS-",0.71965338,0.432349686,0.322626316,0.176604071,0.728345351,1.000274939,0.409756616,0.543859819,0.507291306,0.021659711,0.108387057,0.141391594,0.287225108,0.129795527,0.061619129,0.049818526,NA,0.820908025,0.534149235,0.144249734,0.068765856,NA,0.412780886,NA,0.076262858,0.251626739,0.070372626,NA,NA
"HRS,B2M",0.304420536,0.238144838,0.039016865,0.561069462,0.596524362,0.129650282,0.178623499,0.111633755,1.22895356,1.005617027,0.971678372,0.501460746,0.773662576,0.36251797,0.453511665,0.692196234,0.324357364,0.014071271,0.25899055,0.059092974,0.332464451,0.010909797,0.018614385,0.305053045,0.461106996,0.217249521,0.555825525,0.483592066,0.123760061
"HRS,TIM3",0.177281799,0.097246733,0.016770963,0.292468954,0.393755377,0.222459275,0.576886713,0.153372544,0.68562762,0.585581037,0.42619577,0.695567795,0.764111941,0.539362242,0.911653107,1.274044485,0.246308952,0.361876753,0.157912476,0.619101428,0.046318573,0.397203051,NA,0.359303299,0.213889375,0.326606012,0.260870334,0.036898434,0.535907316
"HRS,PDL1",0.293098875,0.061517303,0.101690361,0.028770524,0.154356452,0.31634751,0.434386038,0.047156614,0.726962224,0.568410727,0.287018713,0.51325838,0.368012032,0.480517532,NA,0.595648193,0.518174905,0.175517602,0.327413222,0.257537216,0.110083059,0.17853019,0.684181011,0.338112644,0.633259837,0.342908957,0.427656715,0.4143133,1.481002689
"HRS,B2M,MHCI,MHCII",0.649688218,0.314341023,0.274619211,0.885085482,NA,0.421815067,NA,0.918638115,1.197578262,0.77408996,0.875861508,1.393243092,NA,NA,0.745960035,1.201384286,0.338886071,0.09775545,0.427777164,0.062788821,0.416711284,0.049234601,0.154139742,0.68859649,0.690273504,0.247666462,1.125651253,0.617365878,0.329238699
"HRS,KI67",0.276671017,0.222523622,0.114722129,0.236266159,0.227341694,0.374077007,0.202600896,0.293074077,0.165956038,0.262337451,0.141394638,0.33507199,0.380860889,0.148618243,0.279076559,0.246531548,0.108789716,0.141510254,0.151419511,0.094197601,0.198035336,0.1309755,0.252044297,0.223468229,0.22209582,0.315061442,0.235887235,0.410704194,0.224798054
"HRS,PD1-,LAG3-,TIM3",0.334798226,NA,0.504210198,0.306868846,0.601268169,0.392320764,0.609317173,0.404183772,0.808684905,0.585581037,0.419974489,0.753991113,0.76764856,0.534383859,0.900140713,1.294893058,0.250561645,0.666346394,0.176639862,0.534768168,0.175319312,0.413918344,NA,0.283573383,0.225498929,0.313059938,0.258769355,NA,0.557304522
"HRS,PDL1-,B7H3-,IDO1-",0.343442452,0.826307669,0.573508268,0.875595083,0.79343676,0.634010334,0.448017461,0.661867976,0.574579518,0.189120205,0.462509728,0.234861908,0.411996602,0.135486242,NA,0.174001027,NA,NA,NA,0.238161543,0.536649156,0.75695614,0.175806585,NA,NA,0.137491703,0.277832308,NA,0.215076564
"HRS,PD1-,LAG3-,TIM3-",0.662932475,NA,0.262814475,0.807110159,0.333187223,0.713154847,0.089159215,0.800902162,0.416808909,0.010183781,0.076646469,0.463445182,0.265925006,0.061122565,0.033401634,0.099711839,0.369401316,0.519856725,0.574031171,0.08958519,0.790640066,0.095119918,NA,0.55144625,0.425741204,0.295358775,0.490314599,NA,0.217404324
"HRS,MHCII,KI67",0.745935134,0.252252475,0.225835803,0.308736767,0.720530676,0.552991995,0.491623094,0.283683655,0.352149571,0.473711668,0.200079227,0.982618104,0.317676134,0.783068358,0.743190901,0.279385085,0.173398548,0.177565372,0.31587382,0.099066048,0.234264647,0.128773414,0.284580485,0.639701686,0.322101929,0.353685814,0.271805228,0.631385303,0.328234299
"HRS,PDL1,B7H3-,IDO1-",0.383159733,0.390125,0.233015188,0.489634042,0.616739922,0.705827965,0.564152147,0.15029999,0.740963448,0.576012162,0.257832545,0.523190294,0.361005277,0.490897282,NA,0.590899439,NA,NA,NA,0.245073726,0.119375688,0.168914165,0.716377409,NA,NA,0.349634757,0.425520712,NA,1.560992825
"HRS,MHCI,KI67",0.349774064,0.344391885,0.114722129,0.913396248,NA,0.337882502,NA,0.952654414,1.229977707,1.38191647,0.836934796,0.83121952,NA,NA,0.460532517,1.045460059,0.190171604,0.142121356,0.271874484,0.101467883,0.248997385,0.148897078,0.250408169,0.700059227,0.474779757,0.397179115,1.062799613,0.693944521,0.412041644
"HRS,CD40,KI67",NA,NA,NA,0.236266159,0.220634878,0.408421301,0.205918374,0.287096818,0.170407808,0.366102241,0.137348579,0.430677042,0.345071251,0.146476633,0.302985235,0.258313643,0.236174944,0.205269088,0.15455239,0.235708334,0.19644342,0.11294185,0.457871176,0.205936312,0.370477689,0.36779488,0.362055303,0.436000941,0.546714672
"HRS,B2M,KI67",0.48941648,0.33231269,0.090012441,0.739926502,0.727338953,0.442978943,0.382780259,0.285923054,1.303421232,0.981828104,0.717382269,0.439789679,0.706792217,0.404561678,0.590057377,0.421405217,0.352270444,0.142764853,0.243744365,0.13831977,0.285984554,0.133652811,0.255180956,0.318343491,0.445559246,0.390416301,0.60281936,0.805408824,0.24716276
"HRS,CD27-,ICOS-,KI67",0.827511442,0.474167598,0.38469018,0.310062499,0.649262222,1.061804851,0.4468442,0.45947302,0.466642751,0.254587315,0.156331219,0.422660497,0.564189505,0.155225463,0.299178647,0.242631784,NA,0.832872254,0.565055899,0.155549973,0.211134963,NA,0.503741804,NA,0.244424774,0.426082774,0.2508164,NA,NA
"HRS,B2M,MHCI,MHCII,PDL1",0.674413138,0.330011621,0.271125094,0.887147898,NA,0.48804683,NA,0.90569503,1.213783852,0.722435281,0.695800621,1.040833117,NA,NA,NA,0.803582483,0.544310498,0.195829182,0.491014408,0.269795494,0.482097565,0.190934321,0.696658519,0.812523215,0.919796296,0.341221809,1.215600162,0.605760694,1.306957451
"HRS,CD27",0.532935301,0.330360186,0.027649209,0.609680672,0.371589388,0.195482261,0.238599494,1.173801343,0.868745305,0.741754545,1.153094724,0.742520191,1.183889483,0.839790685,0.877919673,1.31625373,0.641843686,0.814893777,0.369032332,0.623657541,0.451796493,1.475828778,0.380024329,0.788096213,1.395032746,0.49676254,1.542789133,0.954624495,0.418253421
"HRS,TIM3,KI67",0.380516837,0.235475837,0.114722129,0.422250457,0.525942474,0.463575101,0.679149684,0.220756601,0.706676026,0.521230296,0.199602202,0.99388177,0.863696602,0.514358849,0.765259639,1.465625874,0.315127353,0.432342479,0.248900514,0.564134335,0.180807073,0.474824815,NA,0.36547783,0.388592067,0.358899711,0.335806878,0.40728485,0.759529608
"HRS,B2M,MHCI,MHCII,PDL1-",0.899218938,0.818182064,0.694627385,0.808971041,NA,0.619360814,NA,1.087363754,0.990976155,0.89985964,0.827645997,1.180098805,NA,NA,NA,1.455131021,0.378788581,0.518515644,0.585742021,0.226235822,0.609358669,0.876058356,0.237339168,0.644152709,0.663684743,0.343920478,1.108380536,0.644085246,0.428660981
"HRS,PDL1,KI67",0.407130321,0.239202123,0.152103617,0.241840887,0.279141441,0.735936458,0.539545375,0.277358836,0.730334005,0.598581391,0.463082218,0.656248213,0.566890141,0.473706694,NA,0.655456643,0.612284199,0.20837138,0.343802049,0.303813234,0.23328842,0.184501032,0.732736577,0.380285475,0.937956152,0.557379942,0.560567422,0.567861129,1.523953876
"HRS,B2M,MHCI,MHCII,KI67",0.809699134,0.389873357,0.247943367,1.080371274,NA,0.533484236,NA,0.951783286,1.28562532,0.811584329,0.717885315,0.90608723,NA,NA,0.809994026,1.352216244,0.343765269,0.180137905,0.372763039,0.140342734,0.354842581,0.144960221,0.287363388,0.63012894,0.848479406,0.452125867,1.21158221,0.865925703,0.44502053
"HRS,PD1-,LAG3-,TIM3-,KI67",0.719339933,NA,0.133737447,0.714811319,0.29643324,0.691616495,0.220438926,1.015690602,0.47214849,0.260934924,0.166430245,0.741241764,0.480731183,0.1705358,0.286198671,0.26969008,0.324559293,0.580841727,0.576519932,0.144527958,0.895669464,0.160075572,NA,0.741231197,0.337198686,0.427587356,0.541179101,NA,0.298061718
"HRS,PD1",1.182478061,NA,1.066568718,0.84542122,0.975778161,1.792331541,0.564691164,1.334951244,1.644284061,0.629954729,0.729514151,0.840245657,2.181495574,0.740400388,0.850348064,0.908838612,0.958551741,0.515564871,0.70717421,0.535702105,0.692779906,1.589354197,0.645043408,1.054899406,2.357710999,0.489315012,1.046462991,NA,0.675066469
"HRS,PDL1-,B7H3-,IDO1-,KI67",0.436490424,0.869589679,0.674777083,0.813113295,0.560567321,0.521637315,0.436004779,0.887594871,0.58702349,0.299965361,0.540587675,0.433483237,0.543540935,0.163392672,NA,0.311016883,NA,NA,NA,0.274577576,0.688399263,0.836858273,0.326504746,NA,NA,0.318962454,0.404714409,NA,0.274340548
"HRS,B2M-,MHCI,MHCII",0.678635258,0.686599412,0.622812324,0.981527907,NA,1.609635262,NA,1.560498823,1.254249035,1.340159954,0.956986172,0.644431467,NA,NA,1.253924323,0.920908111,1.153545211,0.706947418,0.699339262,0.559441271,0.679837399,0.660536691,1.09E+00,0.878765282,0.685723492,0.418852409,1.272163188,0.836056627,0.926093376
"HRS,PD1-,LAG3-,TIM3,KI67",0.481845309,NA,0.538924635,0.450692054,0.662665313,0.476970831,0.719905305,0.351456948,0.747931314,0.521230296,0.276981158,1.095197044,0.885798804,0.502924898,0.765259639,1.465625874,0.311044346,0.674828811,0.271048942,0.600171961,0.313020132,0.485990902,NA,0.31149769,0.370802189,0.478735546,0.330160019,NA,0.791260985
"HRS,PDL1,B7H3-,IDO1-,KI67",0.434622775,0.449162156,0.273533485,0.450926095,0.581668724,1.0640588,0.681253628,0.332890344,0.733656207,0.582221084,0.391084962,0.662246688,0.600108831,0.488762823,NA,0.655456643,NA,NA,NA,0.295380338,0.236895484,0.184076364,0.753690467,NA,NA,0.571964697,0.560848837,NA,1.591278827
"HRS,CD40L",NA,NA,NA,NA,NA,NA,NA,NA,NA,NA,NA,NA,NA,NA,NA,NA,0.667854067,0.980440088,0.374775354,1.127396339,1.688317005,1.062102258,0.770025103,0.602484454,0.48545194,0.394920856,0.824923341,0.916205651,0.820462001
"HRS,B2M-,MHCI-,MHCII",1.682320372,0.502107789,0.133737447,0.578679597,NA,0.74663955,NA,1.433243684,0.509040826,0.405277545,1.041101374,0.803177943,NA,NA,0.7936171,0.257245186,1.478297941,0.50987388,0.773825932,0.780507654,1.640232349,0.631491718,0.7198171,8.02E-01,0.68282382,1.387566228,0.505543891,0.424329787,1.138160048
"HRS,ICOS",0.315926148,1.098357257,0.782267026,0.697339235,0.735765315,0.315474196,1.704054495,0.44790492,1.3058864,0.463910728,1.086339923,0.397966486,0.932962953,0.951362091,0.615493104,0.699323904,NA,0.774434125,0.58030099,0.709821577,0.672962198,NA,9.26E-01,NA,0.654076348,0.690959358,1.638733002,NA,NA
"HRS,CD27,ICOS-",0.972061737,0.497802001,0.046640439,0.623628698,0.422541164,1.151587926,0.273199626,1.318714925,0.992378243,0.887435676,1.046151288,0.751761613,1.361448546,0.852683253,0.844133175,1.31625373,NA,0.877654954,0.829127657,0.71947581,0.486025747,NA,0.383091677,NA,2.080700984,0.452575201,1.103408921,NA,NA
"HRS,PD1,LAG3-,TIM3",1.4324005,NA,1.099376426,0.808534643,1.085738516,1.80308253,0.634534152,1.322589336,1.372388236,0.635518434,0.729514151,0.803653685,0.60546495,0.597934598,0.686050519,0.908838612,1.017072237,0.51944484,0.717729988,0.623699708,0.79891771,1.026867257,NA,1.128300857,2.230300985,0.549313069,0.807979025,NA,0.671877088
"HRS,B2M-,MHCI-,MHCII,PDL1-",1.363902311,0.726082717,0.133737447,0.880501205,NA,0.575052728,NA,1.071101602,0.822264309,5.20E-01,0.864768734,0.788058816,NA,NA,NA,0.293690832,1.452300373,0.514740351,0.644598438,0.780507654,0.929008288,0.632183539,0.7198171,0.7812823,0.706816977,1.325820222,0.581249167,0.541034503,1.201824398
"HRS,CD27,ICOS",0.599470354,1.186702207,0.782267026,0.801568076,0.749929457,0.329378347,1.642907702,1.299468273,1.119081221,0.501451518,0.887744694,0.415113806,0.980509075,0.839716553,0.846510912,1.028817237,NA,0.739073281,0.561892672,0.625216881,0.788171205,NA,0.994304671,NA,1.331971544,0.714809257,1.943420894,NA,NA
"HRS,CD27,KI67",0.648627423,0.302719117,0.108124359,0.83243767,0.462198647,0.364502851,0.441487613,1.099206475,0.945270019,0.735260338,0.947918772,0.862727309,0.897443062,0.888786439,0.866472996,1.028817237,0.617035762,0.789486338,0.352157799,0.765957938,0.515273282,1.71438361,0.585052553,0.621452854,1.441987096,0.424531263,1.514915943,1.028478102,0.472288003
"HRS,B2M,MHCI,MHCII-",0.671549595,0.872255321,0.568657949,0.767917823,NA,0.474735711,NA,0.964478931,0.944609733,0.604946474,0.86076637,0.957829115,NA,NA,0.663366184,0.836811089,1.448062149,0.616106312,0.418256331,0.478172742,0.42413064,0.555306048,0.969912534,1.005840085,0.398421471,0.554029295,1.288478998,0.328583562,0.675283744
"HRS,VISTA",NA,NA,NA,1.068698887,0.805870649,0.91978223,0.412574345,1.992827322,1.375168403,0.604626516,0.818273642,0.808562595,0.534931199,0.447057386,0.664985504,0.986919922,0.578457504,0.506865809,0.556973812,0.546960026,1.646956755,0.548070229,NA,0.734054179,0.901695931,0.655067456,0.952531808,0.881399545,0.615332166
"HRS,B2M-,MHCI,MHCII,KI67",0.831014313,0.801496272,0.622812324,0.96284936,NA,1.626699676,NA,1.14542985,1.270137737,1.368611061,0.945479169,0.644431467,NA,NA,1.497633552,0.815628005,1.173346925,0.706947418,0.700486516,0.576232806,0.804088461,0.550215149,1.02E+00,0.566400282,0.780973636,0.534963473,1.361468007,0.786348506,0.88349096
"HRS,B2M,MHCI,MHCII-,PDL1-",0.773427809,0.615649538,0.625482489,0.856364257,NA,0.735462777,NA,1.156788563,0.981249205,0.582802542,0.519717243,0.957829115,NA,NA,NA,1.028817237,1.467154308,0.464054179,0.480129793,0.428976127,0.991086998,0.653361651,1.02E+00,8.55E-01,0.394849872,0.549754837,0.978676049,0.400667026,0.689510122
"HRS,B2M-,MHCI-,MHCII-",1.158156433,0.765331291,0.452421309,0.621221763,NA,0.998755663,NA,0.825620844,1.442012545,0.660582663,1.143355994,0.12538782,NA,NA,1.031411163,0.447271149,1.149947008,0.55157368,1.253754005,0.761190681,1.942486981,0.77445139,0.802265331,0.670733229,0.899791878,1.53198203,0.963203588,0.284202674,1.151503765
"HRS,B7H3",0.661752466,0.016322487,0.921776191,0.271362941,0.643216654,0.184164133,0.527257137,0.537906669,0.712596574,0.756690372,0.585182213,0.201238095,0.509049427,1.053824889,0.338628199,0.749936554,NA,NA,NA,0.608725739,1.04E+00,0.870361358,1.06E+00,NA,NA,1.242175745,0.677540692,NA,0.907304036
"HRS,B2M-,MHCI-,MHCII,KI67",1.593330852,0.535510615,0.133737447,0.684889964,NA,0.66543234,NA,1.12275803,0.546309394,0.496851857,0.92413268,0.781287548,NA,NA,0.828807286,0.362170666,1.498922898,0.50987388,0.790980378,0.746747661,1.714662579,0.513780952,7.20E-01,8.28E-01,0.687507546,1.296133058,0.622263245,0.583148427,1.104692549
"HRS,ICOS,KI67",0.40001679,1.025906764,0.503927976,0.836356343,0.736973527,0.390001776,1.522040908,0.478718102,1.514308374,0.552236894,0.519717243,0.487701763,0.70148005,0.786326884,0.619803092,0.719413644,NA,0.781980288,0.505955192,0.779991145,0.668790504,NA,0.805477258,NA,0.625737533,0.606076635,1.599967053,NA,NA
"HRS,LAG3",0.635907741,0.973126275,0.481354281,0.659669596,1.350251929,0.511754987,0.56623769,0.764800027,2.485609674,0.546572756,0.374740238,0.928643556,1.211553734,0.710766505,0.695417275,1.028817237,0.546816767,0.640143103,0.428166273,0.599891391,0.824029591,0.528690594,0.929592951,0.789664897,1.860847456,0.909633416,2.247672268,0.962270248,0.814152118
"HRS,B2M,MHCI-,MHCII",0.904661816,0.806722116,0.133737447,0.745213198,NA,2.038305988,NA,0.546547983,1.243155586,1.476293735,1.165605788,0.688606788,NA,NA,2.235927652,0.766589467,1.405053266,0.636796566,1.12E+00,0.425082346,2.26E+00,1.980421221,1.351897696,7.25E-01,1.03477859,1.932834437,0.893106366,0.914109262,1.11613242
"HRS,CD27,ICOS-,KI67",0.775489425,0.603712959,0.121633783,0.647962875,0.557885614,1.214848267,0.505647482,1.18691582,1.046451153,0.750018724,0.947918772,0.870556613,1.002584515,0.843770337,0.884617844,1.028817237,NA,0.860405756,0.861082625,0.867255727,0.571643695,NA,0.635829849,NA,2.074627478,0.413815131,1.052130197,NA,NA
"HRS,PD1,KI67",1.129980725,NA,1.228067717,0.822132812,0.896211191,0.984206751,0.629255011,1.272771163,1.340800243,6.36E-01,0.519717243,0.959480403,1.492069088,0.740400388,0.739187975,1.028817237,0.913493836,0.47696982,0.529530903,0.609028007,0.618341502,1.603069336,0.852338044,0.646552491,2.42782184,0.432911857,0.809577199,NA,0.810349539
"HRS,CD27-,ICOS",0.682777422,1.071368799,0.133737447,0.796378801,0.861104448,1.108554218,0.797685299,0.578042066,1.7562902,0.568035708,0.729514151,0.548131733,0.759675721,1.584334746,0.562133822,0.699323904,NA,0.990667833,0.89667119,1.074400227,0.7867428,NA,0.756599266,NA,0.633983885,1.375105669,1.277562529,NA,NA
"HRS,B2M-,MHCI-,MHCII,PDL1",1.724271531,0.490957582,0.133737447,0.578679597,NA,0.694338701,NA,1.485382102,0.860850064,0.756812669,1.197524662,0.703089558,NA,NA,NA,0.709277354,0.857143871,0.431407897,0.660685711,0.435621759,1.695325693,0.481729103,0.7198171,0.733869886,1.060386237,1.709854264,0.64365991,0.556782688,1.284851875
"HRS,CD40L,KI67",NA,NA,NA,NA,NA,NA,NA,NA,NA,NA,NA,NA,NA,NA,NA,NA,0.779326243,1.016397345,0.391145017,1.133232604,1.604212449,1.138053413,0.598194278,0.554305788,0.769535886,0.365740566,0.894931575,1.254566743,0.93598966
"HRS,PDL1,B7H3,IDO1-",0.773875711,0.065397372,0.80418989,0.272810919,0.654073666,0.421662102,0.86533655,5.65E-01,0.774532408,0.791138974,0.613773961,0.406318418,0.716862056,0.612017346,NA,0.908838612,NA,NA,NA,0.546132057,1.067869123,0.815411077,1.058609138,NA,NA,1.20959576,0.694280146,NA,0.618548862
"HRS,B2M-,MHCI,MHCII-",0.544544531,1.041746731,0.395242622,0.956896825,NA,1.100978424,NA,1.178886573,1.258451992,1.364011736,0.725488988,0.644431467,NA,NA,0.665601753,0.836811089,1.000227887,0.740280141,0.951659367,0.48743136,0.763380956,0.845349565,0.738584574,0.954093485,0.892207735,1.164021186,1.099262355,1.156351275,0.605382572
"HRS,B2M,MHCI,MHCII-,KI67",0.727237834,0.72327592,0.656140566,0.72942241,NA,0.497883259,NA,1.017800445,1.00368365,0.610248543,0.86076637,0.601106527,NA,NA,0.767431213,0.908838612,1.377922377,0.655234164,0.437033839,0.477746801,0.562213219,0.792791874,1.158749163,0.991515626,0.391284852,0.396225086,1.171873293,0.586042776,0.79508553
"HRS,CD27,ICOS,KI67",0.748733031,1.053436707,0.503927976,1.04348169,0.753810994,0.380847521,1.454824902,1.111889461,1.187807611,0.601039605,0.519717243,0.543588003,0.573582187,0.913355039,0.806732597,1.028817237,NA,0.767482567,0.450314807,0.605954627,0.772828542,NA,0.881968774,NA,1.332958688,0.562464555,1.79E+00,NA,NA
"HRS,B7H3,KI67",0.790106734,0.22119361,0.950958642,0.480607098,0.846595763,3.93E-01,0.751886893,0.580424292,0.736576789,0.939379061,0.746156579,0.376822295,0.546491592,0.967278206,0.457550109,0.932157727,NA,NA,NA,0.551516995,1.012049207,0.823570412,0.806640222,NA,NA,1.46056068,0.677540692,NA,0.74819992
"HRS,PD1,LAG3-,TIM3-",1.163752287,NA,0.503927976,0.909248654,1.045053831,1.062475527,0.493092745,1.036173809,1.483368158,0.629954729,0.519717243,0.776395206,2.185373445,0.784922648,0.816550359,1.028817237,0.750430153,0.912758295,5.77E-01,0.57407597,8.47E-01,1.73188418,NA,7.02E-01,1.605462696,0.445052816,0.827409907,NA,0.736691038
"HRS,B2M,MHCI-,MHCII,KI67",0.904661816,0.780986345,0.133737447,0.717720256,NA,2.032937401,NA,0.616446287,1.175361328,1.29E+00,0.968274734,0.813485877,NA,NA,1.59E+00,0.554800282,1.565916346,0.591085901,0.983872982,0.435621759,1.950173006,1.785888291,1.013575019,0.811865232,0.764780563,1.427441145,0.895333022,0.926361677,0.953508312
"HRS,PD1,LAG3-,TIM3,KI67",1.295723581,NA,1.263788426,0.67656243,1.066130292,0.977533024,0.752988016,1.252830326,1.12366442,0.635518434,0.519717243,0.644431467,0.690185707,0.597934598,0.696331915,1.028817237,0.915275195,0.542374723,0.534396168,0.615401474,0.717782843,0.843438971,NA,7.18E-01,2.383949165,0.501096202,0.657456998,NA,0.514172517
"HRS,B2M-,MHCI-,MHCII-,KI67",1.273326949,0.536938012,0.133737447,0.590438232,NA,0.815197965,NA,1.001261355,1.47E+00,5.36E-01,0.960544212,0.431195181,NA,NA,9.46E-01,0.566300832,1.059261031,0.533288304,1.232082089,7.61E-01,1.712055371,0.660084613,0.802265331,0.87656163,0.867771093,1.637613142,0.946421266,0.518206845,1.720016262
"HRS,PD1,LAG3,TIM3",0.88396089,NA,0.343896678,0.903233316,0.96917046,1.378582441,0.507154697,1.455957797,1.027739828,0.635518434,0.519717243,0.644431467,0.776098759,0.597934598,0.696331915,1.028817237,0.668982659,0.508560394,0.338004417,0.437199384,0.788581398,0.463721095,NA,0.825717641,2.610176717,1.026184669,0.680608955,NA,0.569740548
"HRS,B2M,MHCI,MHCII-,PDL1",0.681244065,0.817127381,0.616262878,0.795186566,NA,0.762050042,NA,0.988561232,1.010171136,0.63075767,0.86076637,0.644431467,NA,NA,NA,0.836811089,0.666211038,0.967493392,0.545591094,0.483118115,0.479255166,0.709965517,1.082978891,1.230633681,1.071021346,0.801034806,1.48E+00,0.413556929,0.552071604
"HRS,CD27-,ICOS,KI67",0.716907828,1.254293939,0.133737447,0.851558586,0.953662062,1.164843385,0.679409481,0.603703788,1.969424227,5.68E-01,0.519717243,0.589317419,0.801403411,1.316367312,6.60E-01,0.719413644,NA,0.930110395,1.007674888,1.130218668,0.707413244,NA,0.778284234,NA,0.620230138,1.120886292,1.228221802,NA,NA
"HRS,PDL1,B7H3,IDO1-,KI67",0.863260523,0.241487271,0.846395934,0.468668638,0.826268621,0.790504297,0.940210715,0.583685945,0.817333269,0.867472765,0.732643696,0.540118527,0.442775956,0.598387646,NA,1.028817237,NA,NA,NA,0.475628544,0.996797276,0.774461934,0.768483137,NA,NA,1.540993953,0.694280146,NA,0.606964632
"HRS,VISTA,KI67",NA,NA,NA,1.065170411,1.010836479,0.930417856,0.452080752,1.77E+00,1.417503604,0.635518434,0.618010982,0.627173502,0.637393787,0.44081944,0.696331915,0.803582483,0.779490885,0.611427485,0.502245478,0.665026486,1.382130202,0.72880423,NA,5.38E-01,0.939169021,0.509427249,0.825649813,0.631002036,0.847600339
"HRS,LAG3,KI67",0.606529756,0.851169623,0.343896678,0.849943034,1.456488938,0.908723989,0.444149682,1.059322826,2.616251951,5.83E-01,0.362323732,1.006271324,0.917764949,0.68547539,7.61E-01,1.028817237,0.599825329,0.600708042,0.357571906,0.559438463,0.8034697,0.512405804,0.829227524,0.933305093,1.650795416,0.915802598,2.082006417,1.048831308,0.87060808
"HRS,B2M-,MHCI,MHCII-,KI67",0.572991388,0.942450195,0.343896678,0.949952595,NA,0.954355255,NA,1.178886573,0.97612407,1.417574423,0.728549792,0.644431467,NA,NA,0.796625472,0.836811089,0.946344984,6.54E-01,1.026982873,0.502557638,0.836080161,0.553832874,0.738584574,0.566400282,0.949027166,1.185384592,1.042236817,1.013224903,0.613809032
"HRS,PD1-,LAG3,TIM3",0.622910082,NA,0.503927976,0.622124912,1.717426558,0.440406456,0.480775976,0.712685491,2.331251704,0.635518434,0.362323732,1.131761023,0.850419869,0.71541953,0.696331915,1.028817237,0.550754545,0.535681916,3.78E-01,0.422141196,1.06E+00,0.488952824,NA,0.990028179,1.121120821,0.889770975,2.203244372,NA,0.867775429
"HRS,B2M-,MHCI-,MHCII-,PDL1",0.955658775,0.536938012,0.133737447,0.578423441,NA,9.77E-01,NA,8.75E-01,8.45E-01,7.19E-01,0.461050022,0.572035413,NA,NA,NA,1.266304225,0.772019438,0.452047467,1.093832649,0.435621759,2.193360003,0.481729103,0.7198171,0.901274916,0.872188901,1.56E+00,1.040441728,0.627950407,1.068867543
"HRS,IDO1",2.796602521,0.767237399,1.067056964,1.26E+00,0.967604047,1.513451596,0.823479186,0.69372335,1.565593984,0.554231115,1.318291145,0.644431467,0.690817984,0.597934598,0.78812277,1.028817237,0.787122866,0.694183798,0.616656423,0.638643485,1.90546984,0.696085513,5.66E-01,1.150725111,1.195396102,1.052419344,1.58E+00,0.953396675,0.90993698
"HRS,B2M,MHCI-,MHCII-",0.717887212,9.72E-01,0.133737447,0.87514375,NA,1.352304767,NA,0.879134584,1.032388442,0.96889405,0.519717243,0.666315597,NA,NA,1.54090629,0.664582569,1.016595083,0.498839324,1.897447245,0.435621759,1.457072054,1.096959683,1.247019916,0.486091336,1.102128493,1.254175664,0.718795962,0.969119212,0.770377252
"HRS,PD1,LAG3-,TIM3-,KI67",1.099522873,NA,0.133737447,0.872078413,0.90949659,0.648254265,4.30E-01,1.102661476,1.332738394,6.36E-01,0.519717243,0.90410205,1.454833947,0.784922648,7.39E-01,1.028817237,0.842821962,0.85744875,0.515589441,6.71E-01,0.834351446,1.756266267,NA,0.638762985,1.146069683,3.43E-01,0.723578742,NA,0.881105548
"HRS,PDL1-,B7H3,IDO1-",6.68E-01,1.053643062,0.51394989,0.857852893,0.689928195,0.543202469,0.535801348,1.396867294,8.77E-01,0.666772209,0.511705007,0.415512803,0.491153602,0.935919921,NA,0.818015261,NA,NA,NA,0.662738379,8.17E-01,0.465464939,0.811126095,NA,NA,1.241988611,6.78E-01,NA,0.857433019
"HRS,PDL1,B7H3-,IDO1",1.849413922,0.591946584,0.688437014,1.068290133,1.001968874,1.242965114,0.569812695,0.802612794,1.393687107,0.556311027,0.519717243,0.644431467,0.690817984,0.597934598,NA,1.028817237,NA,NA,NA,5.78E-01,2.085922015,0.738505806,0.616760269,NA,NA,9.79E-01,1.563384977,NA,0.787876375
"HRS,PD1-,LAG3,TIM3,KI67",0.651250375,NA,0.133737447,7.86E-01,1.54266053,0.880995694,0.507154697,0.941581067,2.400330933,0.635518434,0.362323732,1.188654487,0.76092974,0.653542158,0.696331915,1.028817237,0.604918027,0.400189557,0.356466869,0.422141196,0.992589399,4.34E-01,NA,1.131206422,1.000203777,1.045039191,2.04E+00,NA,0.672800448
"HRS,B2M,MHCI-,MHCII-,KI67",0.764379755,0.886289723,0.133737447,8.93E-01,NA,1.466980495,NA,0.839067576,1.05E+00,5.67E-01,0.519717243,0.568439374,NA,NA,1.49E+00,0.570099199,0.754960491,4.99E-01,1.785000548,4.36E-01,1.466372076,0.936787118,1.296440124,0.454889447,1.060911389,8.04E-01,0.804394628,1.044881123,1.02118418
"HRS,PD1-,LAG3,TIM3-",1.066066328,NA,0.133737447,0.821586032,1.61E+00,1.051082643,0.618862105,0.993201521,1.85942712,0.546572756,0.446954684,0.71932202,0.918849565,7.55E-01,0.695417275,1.028817237,0.802763653,6.23E-01,0.338004417,0.522734919,1.416899313,4.55E-01,NA,0.719649985,0.551585532,0.992337175,0.682337006,NA,7.75E-01
"HRS,PDL1-,B7H3,IDO1-,KI67",0.753137198,9.09E-01,0.27831965,0.868816661,9.94E-01,0.53613289,0.638957353,1.199311621,0.898335655,0.768525462,0.716518644,0.438375637,6.35E-01,8.55E-01,NA,0.932157727,NA,NA,NA,0.635200423,0.814874725,4.65E-01,0.711445689,NA,NA,0.927372199,0.677540692,NA,0.622733721
"HRS,PD1,LAG3,TIM3,KI67",0.775642082,NA,0.343896678,9.27E-01,1.022550949,5.60E-01,5.07E-01,1.271360198,1.05E+00,6.36E-01,0.519717243,0.644431467,7.76E-01,0.597934598,6.96E-01,1.028817237,0.73073852,4.51E-01,0.338004417,4.09E-01,0.764705706,0.470484517,NA,0.417828791,1.553870404,1.04E+00,0.661071449,NA,0.581679641
"HRS,IDO1,KI67",2.799004591,0.767237399,0.935278712,1.02E+00,1.030746661,1.243318683,0.530001764,0.894664175,1.093287262,0.697502742,1.379924009,0.644431467,0.748400439,0.597934598,0.970643022,1.028817237,0.787122866,6.89E-01,0.638365346,3.99E-01,1.727648301,0.607027598,0.713967306,0.990855751,0.983116681,1.02E+00,1.481729325,1.0389718,0.772925319
"HRS,PDL1-,B7H3-,IDO1",1.771669767,5.92E-01,0.133737447,1.21292991,1.02E+00,1.157310145,0.881359357,1.202726643,1.284421403,0.671567134,1.318291145,0.644431467,0.776098759,5.98E-01,NA,1.028817237,NA,NA,NA,0.548221535,0.588884243,4.46E-01,0.657655987,NA,NA,1.174202543,1.215613033,NA,0.984149355
"HRS,PD1,LAG3,TIM3-",1.016056597,NA,0.133737447,8.81E-01,1.117558261,6.12E-01,5.07E-01,1.07E+00,1.06E+00,6.36E-01,0.519717243,0.55481217,7.76E-01,0.580725306,6.96E-01,1.028817237,0.772843953,4.53E-01,0.356466869,5.66E-01,1.078815535,0.455256388,NA,0.377522406,0.800880643,9.49E-01,0.694280146,NA,0.648392867
"HRS,PD1-,LAG3,TIM3-,KI67",0.933648718,NA,0.133737447,9.16E-01,1.47E+00,1.122172667,4.44E-01,1.352448869,1.983058196,0.582802542,0.519717243,0.719551925,7.22E-01,7.71E-01,0.761024461,1.028817237,0.802763653,0.659164325,0.338004417,0.46376783,1.421162643,4.50E-01,NA,0.585234172,0.564579423,0.838092422,0.681695651,NA,0.952562153
"HRS,PDL1,B7H3-,IDO1,KI67",1.801581872,0.591946584,0.495939062,0.839278905,1.05E+00,1.108198197,0.569812695,1.070173204,9.39E-01,0.617681988,0.519717243,0.644431467,7.48E-01,5.98E-01,NA,1.028817237,NA,NA,NA,0.389057855,2.061063794,6.45E-01,6.76E-01,NA,NA,0.903123645,1.45E+00,NA,0.582575107
"HRS,PD1,LAG3,TIM3-,KI67",0.850704653,NA,0.133737447,0.880501205,9.26E-01,0.611607052,0.507154697,1.137617185,1.06E+00,0.635518434,0.519717243,0.55481217,7.76E-01,5.81E-01,0.696331915,1.028817237,0.787122866,0.459524569,0.356466869,0.543002522,1.07E+00,4.55E-01,NA,0.411388685,0.70399072,0.879843273,6.94E-01,NA,0.63538873
"HRS,PDL1-,B7H3-,IDO1,KI67",1.66E+00,5.92E-01,0.133737447,8.87E-01,1.09E+00,0.510234334,0.507154697,1.20E+00,1.12E+00,0.645256548,1.379924009,0.644431467,7.76E-01,5.98E-01,NA,1.028817237,NA,NA,NA,0.384514644,0.603033608,4.54E-01,6.68E-01,NA,NA,1.029262414,8.65E-01,NA,0.810582905
"HRS,PDL1,B7H3,IDO1",1.78E+00,7.67E-01,0.953018612,1.25E+00,1.07E+00,1.880543286,4.52E-01,0.982954937,1.06E+00,0.599106486,0.519717243,0.644431467,7.76E-01,5.98E-01,NA,1.028817237,NA,NA,NA,0.410416603,0.890326264,5.04E-01,5.96E-01,NA,NA,0.528044136,6.94E-01,NA,0.628912683
"HRS,PDL1,B7H3,IDO1,KI67",1.662020201,0.767237399,0.78540031,1.107117964,1.069428201,1.386271445,0.461836997,1.000370453,1.058690372,0.599106486,0.519717243,0.644431467,0.776098759,0.597934598,NA,1.028817237,NA,NA,NA,0.415992328,0.603807789,0.45328211,0.675173549,NA,NA,0.399921601,0.694280146,NA,0.63538873
"HRS,PDL1-,B7H3,IDO1",0.635827151,0.591946584,0.503927976,0.887089249,1.087165692,1.349134931,0.523510459,1.124788572,1.058690372,0.699108006,0.519717243,0.644431467,0.776098759,0.597934598,NA,1.028817237,NA,NA,NA,0.495907099,0.472327689,0.450970505,0.7198171,NA,NA,0.378184689,0.694280146,NA,0.63538873
"HRS,PDL1-,B7H3,IDO1,KI67",0.635827151,0.591946584,0.133737447,0.880501205,1.087165692,0.969538915,0.507154697,1.202726643,1.058690372,0.699108006,0.519717243,0.644431467,0.776098759,0.597934598,NA,1.028817237,NA,NA,NA,0.388153313,0.472327689,0.450970505,0.7198171,NA,NA,0.399921601,0.694280146,NA,0.63538873